-- phpMyAdmin SQL Dump
-- version 4.9.0.1
-- https://www.phpmyadmin.net/
--
-- Host: localhost
-- Tempo de geração: 05/08/2019 às 05:32
-- Versão do servidor: 10.4.6-MariaDB
-- Versão do PHP: 7.3.7

SET SQL_MODE = "NO_AUTO_VALUE_ON_ZERO";
SET AUTOCOMMIT = 0;
START TRANSACTION;
SET time_zone = "+00:00";


/*!40101 SET @OLD_CHARACTER_SET_CLIENT=@@CHARACTER_SET_CLIENT */;
/*!40101 SET @OLD_CHARACTER_SET_RESULTS=@@CHARACTER_SET_RESULTS */;
/*!40101 SET @OLD_COLLATION_CONNECTION=@@COLLATION_CONNECTION */;
/*!40101 SET NAMES utf8mb4 */;

--
-- Banco de dados: `alocadb`
--

-- --------------------------------------------------------

--
-- Estrutura para tabela `aluno`
--

CREATE TABLE `aluno` (
  `id_aluno` int(11) NOT NULL,
  `matricula` varchar(32) COLLATE utf8mb4_unicode_ci NOT NULL,
  `nome_aluno` varchar(50) COLLATE utf8mb4_unicode_ci NOT NULL
) ENGINE=InnoDB DEFAULT CHARSET=utf8mb4 COLLATE=utf8mb4_unicode_ci;

--
-- Despejando dados para a tabela `aluno`
--

INSERT INTO `aluno` (`id_aluno`, `matricula`, `nome_aluno`) VALUES
(1, '1910478300001', 'Beatriz Dias Dos Santos'),
(2, '1910478300002', 'Davi Lucca Nascimento Filho'),
(3, '1910478300003', 'Giovanna Carvalho '),
(4, '1910478300004', 'Enrico Barros De Andrade'),
(5, '1910478300005', 'Sophia Mendes Sá'),
(6, '1910478300006', 'Joaquim Ferreira Da Silva'),
(7, '1910478300007', 'Manuela Medeiros De Andrade'),
(8, '1910478300008', 'Elisa Rodrigues Dos Santos'),
(9, '1910478300009', 'Guilherme Miranda De Souza'),
(10, '1910478300010', 'Benjamin Moreira Filho'),
(11, '1910478300013', 'Sophia Carvalho De Andrade'),
(12, '1910478300014', 'Vicente Lima De Oliveira'),
(13, '1910478300015', 'Ana Júlia Duarte '),
(14, '1910478300016', 'Isadora Lima De Souza'),
(15, '1910478300017', 'Gael Pereira De Souza'),
(16, '1910478300018', 'Isabella Marques Dos Santos'),
(17, '1910478300019', 'Heloísa Duarte De Souza'),
(18, '1910478300020', 'Vicente Barbosa De Andrade'),
(19, '1910478300021', 'Gael Rodrigues De Oliveira'),
(20, '1910478300022', 'Luiza Duarte De Andrade'),
(21, '1910478300023', 'Sophia Ramos De Oliveira'),
(22, '1910478300024', 'Lavínia Ribeiro Dos Santos'),
(23, '1910478300025', 'Liz Nascimento Dos Santos'),
(24, '1910478300026', 'Luiza Santos De Oliveira'),
(25, '1910478300027', 'Marina Lima '),
(26, '1910478300028', 'Ana Júlia Borges'),
(27, '1910478300029', 'Luiza Miranda Da Silva'),
(28, '1910478300030', 'Isabella Miranda'),
(29, '1910478300031', 'Isabelly Ramos'),
(30, '1910478300032', 'Isadora Moreira '),
(31, '1910478300060', 'Sarah Ferreira De Andrade'),
(32, '1910478300062', 'Joaquim Ribeiro Filho'),
(33, '1910478300066', 'Ana Luiza Miranda '),
(34, '1910478300072', 'Ana Laura Fernandes '),
(35, '1910478300074', 'Théo Moura Filho'),
(36, '1820478300021', 'Antônio Carvalho Junior'),
(37, '1820478300032', 'Enzo Gabriel Costa Dos Santos'),
(38, '1820478300043', 'Lavínia Rodrigues Dos Santos'),
(39, '1820478300072', 'Beatriz Barbosa Dos Santos'),
(40, '1820478300081', 'Antônio Machado Dos Santos'),
(43, '1910478300011', 'Maria Clara Rodrigues De Andrade'),
(48, '1910478300037', 'Vitor Cardoso Dos Santos'),
(49, '1910478300039', 'Enzo Marques Dos Santos'),
(50, '1910478300042', 'João Pedro Miranda De Souza'),
(51, '1910478300046', 'Marina Lopes Santana'),
(52, '1910478300048', 'Emanuelly Oliveira '),
(53, '1910478300055', 'Vicente Melo  '),
(54, '1910478300059', 'João Lucas Duarte Dos Santos'),
(55, '1910478300064', 'Pedro Henrique Carvalho Da Silva'),
(57, '1910478300068', 'João Pedro Teixeira De Souza'),
(58, '1910478300069', 'Vicente Dias Dos Santos'),
(59, '1910478300070', 'Samuel Santana Filho'),
(61, '1910478300075', 'Murilo Oliveira De Andrade'),
(62, '1910478300076', 'Ana Luiza Martins'),
(63, '1910478300081', 'Isabella Ramos'),
(64, '1910478300086', 'Maria Alice Medeiros Moura'),
(65, '1910478300088', 'Rebeca Barros De Souza'),
(66, '1910478300092', 'Lucas Gomes Da Silva'),
(67, '1910478300093', 'Valentina Campos Almeida'),
(68, '1910478300094', 'Henrique Santos De Souza'),
(69, '1910478300097', 'Maria Luiza Castro Dos Santos'),
(70, '1910478300099', 'Beatriz Pereira De Souza'),
(71, '1820478300077', 'Bento Nunes Filho'),
(72, '1820478300097', 'Clara Martins Dos Santos'),
(82, '1910478300034', 'Anthony Miranda De Oliveira'),
(83, '1910478300051', 'Joaquim Marques Junior'),
(84, '1910478300053', 'Liz Dias Da Silva'),
(85, '1910478300054', 'Melissa Soares'),
(86, '1910478300056', 'Gabriela Teixeira Dos Santos'),
(87, '1910478300058', 'Matheus Rocha Da Silva'),
(88, '1910478300061', 'Esther Miranda Lima'),
(92, '1910478300073', 'Murilo Nunes De Souza'),
(94, '1910478300077', 'Mariana Nunes Barbosa'),
(95, '1910478300078', 'Lívia Martins '),
(96, '1910478300080', 'Davi Lucca Freitas Junior'),
(97, '1910478300082', 'João Miguel Melo Filho'),
(98, '1910478300087', 'Caio Soares De Oliveira'),
(99, '1910478300090', 'Théo Cardoso De Souza'),
(101, '1910478300095', 'Enzo Gabriel Costa Filho'),
(103, '1910478300098', 'Eloá Soares '),
(105, '1820478300001', 'Lucca Machado Junior'),
(106, '1820478300002', 'Beatriz Lopes Da Silva'),
(107, '1820478300012', 'Joaquim Gomes De Oliveira'),
(111, '1910478300012', 'Giovanna Nunes De Souza'),
(115, '1910478300033', 'João Lucas Gomes De Andrade'),
(116, '1910478300040', 'Benjamin Lopes De Oliveira'),
(118, '1910478300043', 'Ana Clara Rocha '),
(119, '1910478300044', 'Henrique Dias Dos Santos'),
(120, '1910478300045', 'Davi Lucca Alves De Souza'),
(122, '1910478300050', 'Davi Ferreira De Andrade'),
(125, '1910478300057', 'Maria Luiza Moura Da Silva'),
(128, '1910478300063', 'Isadora Nascimento Dos Santos'),
(131, '1910478300079', 'Anthony Santos De Andrade'),
(134, '1910478300084', 'Agatha Almeida De Oliveira'),
(140, '1820478300015', 'Antônio Gomes De Oliveira'),
(141, '1820478300028', 'Vicente Rodrigues De Oliveira'),
(142, '1820478300035', 'Pedro Andrade Dos Santos'),
(143, '1820478300046', 'Enzo Gabriel Lima Junior'),
(144, '1820478300048', 'Ana Clara Freitas'),
(145, '1820478300056', 'Matheus Teixeira Dos Santos'),
(146, '1820478300064', 'Arthur Gomes Junior'),
(147, '1820478300078', 'Guilherme Ribeiro De Andrade'),
(156, '1910478300035', 'Pietro Ramos Filho'),
(158, '1910478300038', 'Antônio Nascimento Filho'),
(161, '1910478300047', 'Davi Lucca Fernandes Da Silva'),
(168, '1910478300071', 'Esther Ramos Vieira'),
(172, '1910478300091', 'Alice Medeiros De Andrade'),
(174, '1820478300024', 'Sarah Cardoso De Oliveira'),
(176, '1820478300067', 'Leonardo Teixeira Dos Santos'),
(177, '1820478300091', 'Alícia Costa'),
(189, '1910478300041', 'Beatriz Monteiro De Oliveira'),
(191, '1910478300052', 'Guilherme Lima Junior'),
(195, '1910478300065', 'Anthony Rocha De Souza'),
(206, '1910478300096', 'Maria Eduarda Marques'),
(209, '1820478300023', 'Calebe Souza Da Silva'),
(211, '1820478300060', 'Anthony Almeida De Oliveira'),
(212, '1820478300094', 'Liz Barros De Oliveira'),
(244, '1810473830022', 'Ana Luiza Moreira '),
(245, '1810473830004', 'Maria Helena Dias'),
(247, '1810473830001', 'Manuela Melo'),
(248, '1810473830046', 'Miguel Mendes De Souza'),
(249, '1810473830081', 'Guilherme Lima Filho'),
(250, '1810473830069', 'João Lucas Gomes De Souza'),
(251, '1810473830088', 'João Lucas Vieira De Oliveira'),
(253, '1820478300004', 'Arthur Soares De Souza'),
(254, '1820478300005', 'Emanuel Lopes De Andrade'),
(255, '1820478300010', 'Miguel Alves Junior'),
(256, '1820478300011', 'Gael Alves Junior'),
(257, '1820478300013', 'Théo Miranda Junior'),
(258, '1820478300019', 'Ana Luiza Batista De Souza'),
(259, '1820478300020', 'Ana Luiza Rodrigues '),
(260, '1820478300030', 'Matheus Silva De Oliveira'),
(261, '1820478300037', 'Emanuelly Ribeiro De Andrade'),
(263, '1820478300049', 'Marina Oliveira De Andrade'),
(264, '1820478300053', 'Pietro Nunes De Andrade'),
(265, '1820478300069', 'Manuela Medeiros '),
(266, '1820478300071', 'Vinícius Duarte Junior'),
(268, '1820478300074', 'Clara Costa De Oliveira'),
(270, '1820478300082', 'Enzo Gabriel Freitas Filho'),
(271, '1820478300085', 'Mariana Ramos De Oliveira'),
(272, '1820478300096', 'Pedro Lopes De Oliveira'),
(273, '1810473830012', 'Lavínia Freitas'),
(274, '1810473830055', 'Lorena Nascimento'),
(275, '1810473830074', 'Miguel Miranda De Andrade'),
(278, '1820478300014', 'Murilo Santos Da Silva'),
(282, '1820478300026', 'Isabella Souza De Andrade'),
(283, '1820478300036', 'Noah Gomes De Andrade'),
(284, '1820478300044', 'Elisa Lopes Da Silva'),
(287, '1820478300051', 'Enzo Gabriel Barbosa De Souza'),
(288, '1820478300059', 'Samuel Ferreira De Souza'),
(290, '1820478300062', 'Laura Moreira De Oliveira'),
(291, '1820478300063', 'Lorenzo Rocha De Souza'),
(294, '1820478300080', 'Maria Clara Vieira Da Silva'),
(295, '1820478300084', 'Isaac Monteiro De Andrade'),
(297, '1820478300087', 'Lucas Santos De Souza'),
(298, '1820478300089', 'Laura Medeiros '),
(299, '1820478300095', 'Maria Júlia Garcia De Souza'),
(301, '1820478300098', 'Manuela Fernandes '),
(302, '1810473830053', 'Emanuel Borges Da Silva'),
(303, '1810473830058', 'Maitê Duarte '),
(304, '1810473830067', 'Antonella Marques Ferreira'),
(305, '1810473830070', 'Isabelly Rocha Carvalho'),
(306, '1810473830091', 'Valentina Campos De Souza'),
(307, '1810473830099', 'Lucca Silva De Souza'),
(310, '1820478300016', 'Matheus Lima Da Silva'),
(311, '1820478300017', 'Benjamin Batista De Oliveira'),
(315, '1820478300027', 'Gustavo Nascimento De Souza'),
(317, '1820478300041', 'João Marques De Souza'),
(318, '1820478300042', 'Isabella Duarte De Souza'),
(319, '1820478300047', 'Enzo Freitas Filho'),
(320, '1820478300055', 'Joaquim Rocha De Oliveira'),
(322, '1820478300065', 'Maria Luiza Barros Da Silva'),
(323, '1820478300070', 'Henrique Vieira Da Silva'),
(325, '1820478300076', 'Catarina Garcia De Oliveira'),
(328, '1820478300086', 'João Miguel Ferreira Junior'),
(330, '1820478300099', 'Guilherme Batista De Andrade'),
(332, '1810473830033', 'Vicente Alves Dos Santos'),
(333, '1810473830066', 'Beatriz Machado  '),
(334, '1810473830082', 'Maria Helena Pereira Da Silva'),
(335, '1810473830093', 'Joaquim Moreira Dos Santos'),
(336, '1820478300006', 'Isadora Campos Dos Santos'),
(340, '1820478300034', 'Heloísa Moreira Dos Santos'),
(343, '1820478300038', 'Giovanna Ferreira Campos'),
(344, '1820478300039', 'Isabella Moura Da Silva'),
(347, '1820478300061', 'Isabella Duarte Dos Santos'),
(350, '1820478300068', 'Pietro Moura Dos Santos'),
(353, '1820478300083', 'Rafaela Lima'),
(355, '1820478300088', 'Antonella Castro Da Silva'),
(356, '1820478300090', 'Joaquim Lima Dos Santos'),
(359, '1810473830010', 'Marina Souza De Oliveira'),
(360, '1810473830027', 'Giovanna Monteiro De Souza'),
(362, '1810473830059', 'Antônio Oliveira De Andrade'),
(365, '1820478300009', 'Esther Dias '),
(369, '1820478300022', 'Emanuel Carvalho Junior'),
(370, '1820478300025', 'Henrique Moura De Oliveira'),
(379, '1820478300066', 'Théo Barros De Andrade'),
(383, '1820478300075', 'Ana Clara Castro De Andrade'),
(389, '1810473830025', 'Lavínia Ribeiro'),
(390, '1810473830040', 'Samuel Duarte Junior'),
(391, '1810473830043', 'Bento Rocha De Souza'),
(395, '1820478300018', 'Emanuelly Ramos Dos Santos'),
(400, '1820478300040', 'Lorena Lima'),
(404, '1820478300045', 'Helena Vieira Da Silva'),
(409, '1820478300057', 'João Gonçalves De Souza'),
(416, '1810473830007', 'Guilherme Rocha Dos Santos'),
(417, '1810473830035', 'Alícia Melo Dos Santos'),
(418, '1810473830051', 'Ana Júlia Castro Lopes'),
(419, '1810473830056', 'Noah Nascimento Dos Santos'),
(420, '1810473830097', 'Lara Teixeira '),
(423, '1820478300007', 'Isis Gomes De Oliveira'),
(429, '1820478300031', 'Valentina Monteiro De Andrade'),
(431, '1820478300033', 'Pedro Henrique Dias De Oliveira'),
(438, '1820478300052', 'Maria Helena Batista Dos Santos'),
(440, '1820478300073', 'Noah Garcia De Souza'),
(445, '1810473830026', 'Maria Cecília Moreira'),
(447, '1810473830045', 'Henrique Martins Filho'),
(448, '1810473830094', 'Pedro Henrique Costa Junior'),
(450, '1820478300008', 'Bryan Andrade De Andrade'),
(455, '1820478300029', 'Gabriela Medeiros Dos Santos'),
(462, '1820478300050', 'Melissa Costa '),
(464, '1820478300054', 'Lucas Marques Junior'),
(469, '1820478300079', 'Lorena Rocha '),
(475, '1810473830006', 'Guilherme Batista De Oliveira'),
(477, '1810473830016', 'Manuela Santos Silva'),
(478, '1810473830023', 'Henrique Alves De Souza'),
(480, '1810473830029', 'Isabelly Teixeira De Andrade'),
(482, '1810473830041', 'Maitê Almeida'),
(484, '1810473830049', 'Ana Laura Oliveira De Souza'),
(487, '1810473830061', 'Pietro Barbosa De Oliveira'),
(488, '1810473830062', 'Lívia Nascimento '),
(489, '1810473830063', 'Bernardo Fernandes De Oliveira'),
(491, '1810473830071', 'Maria Júlia Almeida De Souza'),
(494, '1810473830098', 'Maria Helena Gonçalves Dos Santos'),
(500, '1810473830014', 'Esther Vieira Dos Santos'),
(502, '1810473830021', 'Giovanna Batista Dos Santos'),
(503, '1810473830024', 'Laura Melo Barbosa'),
(506, '1810473830036', 'Nicolas Campos Junior'),
(508, '1810473830044', 'Lívia Garcia Da Silva'),
(509, '1810473830052', 'Enrico Batista De Souza'),
(511, '1810473830057', 'Liz Santana De Andrade'),
(512, '1810473830060', 'Rafaela Carvalho Ramos'),
(515, '1810473830085', 'Bento Nascimento De Oliveira'),
(516, '1810473830086', 'Alícia Lima '),
(517, '1810473830092', 'Vinícius Lopes De Andrade'),
(518, '1810473830096', 'Rafaela Vieira Alves'),
(519, '1810473830003', 'Helena Moraes'),
(524, '1810473830028', 'Lucca Rocha De Andrade'),
(525, '1810473830030', 'Antonella Cardoso De Oliveira'),
(532, '1810473830048', 'Nicolas Marques Dos Santos'),
(533, '1810473830054', 'Bryan Ramos Da Silva'),
(536, '1810473830077', 'Gustavo Dias Filho'),
(537, '1810473830083', 'Helena Mendes De Oliveira'),
(539, '1810473830090', 'Gustavo Cardoso Filho'),
(542, '1810473830009', 'Henrique Ribeiro Da Silva'),
(543, '1810473830013', 'Isabelly Vieira De Oliveira'),
(548, '1810473830038', 'Enzo Gabriel Gomes De Oliveira'),
(549, '1810473830039', 'Helena Fernandes '),
(552, '1810473830050', 'Maria Clara Ferreira De Souza'),
(556, '1810473830068', 'Enrico Oliveira  '),
(557, '1810473830075', 'Isabelly Duarte De Souza'),
(558, '1810473830076', 'Sophia Lima '),
(559, '1810473830078', 'Benício Nunes De Andrade'),
(563, '1810473830089', 'Ana Luiza Ribeiro Dos Santos'),
(568, '1810473830031', 'Leonardo Ramos De Oliveira'),
(580, '1810473830079', 'Lavínia Oliveira Da Silva'),
(582, '1810473830084', 'Yasmin Oliveira Dos Santos'),
(583, '1810473830087', 'Caio Miranda De Souza'),
(588, '1810473830008', 'Eduardo Andrade De Oliveira'),
(591, '1810473830018', 'Anthony Oliveira Dos Santos'),
(597, '1810473830042', 'Heitor Souza Da Silva'),
(603, '1810473830073', 'Alice Duarte De Oliveira'),
(7373, '', '');

-- --------------------------------------------------------

--
-- Estrutura para tabela `turma`
--

CREATE TABLE `turma` (
  `id_turma` int(11) NOT NULL,
  `nome_turma` varchar(32) COLLATE utf8mb4_unicode_ci NOT NULL,
  `id_workspace` int(11) NOT NULL
) ENGINE=InnoDB DEFAULT CHARSET=utf8mb4 COLLATE=utf8mb4_unicode_ci;

--
-- Despejando dados para a tabela `turma`
--

INSERT INTO `turma` (`id_turma`, `nome_turma`, `id_workspace`) VALUES
(1, '1IHM', 2),
(2, '1LPO', 2),
(3, '1MAB', 2),
(4, '1IAS', 2),
(5, '1MAC', 2),
(6, '1ORG', 2),
(7, '1FAC', 2),
(8, '2CAW', 2),
(9, '2REQ', 2),
(10, '2MPA', 2),
(11, '2CAL', 2),
(12, '2SOP', 2),
(13, '2TPH', 2),
(14, '2LES', 2),
(15, '2FPR', 2),
(16, '3POB', 2),
(17, '3ESD', 2),
(18, '3PBD', 2),
(19, '3DAW', 2),
(20, '3ALG', 2),
(21, '3RSD', 2),
(23, '1IHM', 4),
(24, '1LPO', 4),
(25, '1MAB', 4),
(26, '1IAS', 4),
(27, '1MAC', 4),
(28, '1ORG', 4),
(29, '1FAC', 4),
(30, '2CAW', 4),
(31, '2REQ', 4),
(32, '2MPA', 4),
(33, '2CAL', 4),
(34, '2SOP', 4),
(35, '2TPH', 4),
(36, '2LES', 4),
(37, '2FPR', 4),
(38, '3POB', 4),
(39, '3ESD', 4),
(40, '3PBD', 4),
(41, '3DAW', 4),
(42, '3ALG', 4),
(46, '1IHM', 6),
(47, '1LPO', 6),
(48, '1MAB', 6),
(49, '1IAS', 6),
(50, '1MAC', 6),
(51, '1ORG', 6),
(52, '1FAC', 6);

-- --------------------------------------------------------

--
-- Estrutura para tabela `turma_aluno`
--

CREATE TABLE `turma_aluno` (
  `id_turma` int(11) NOT NULL,
  `id_aluno` int(11) NOT NULL
) ENGINE=InnoDB DEFAULT CHARSET=utf8mb4 COLLATE=utf8mb4_unicode_ci;

--
-- Despejando dados para a tabela `turma_aluno`
--

INSERT INTO `turma_aluno` (`id_turma`, `id_aluno`) VALUES
(1, 1),
(1, 2),
(1, 3),
(1, 4),
(1, 5),
(1, 6),
(1, 7),
(1, 8),
(1, 9),
(1, 10),
(1, 11),
(1, 12),
(1, 13),
(1, 14),
(1, 15),
(1, 16),
(1, 17),
(1, 18),
(1, 19),
(1, 20),
(1, 21),
(1, 22),
(1, 23),
(1, 24),
(1, 25),
(1, 26),
(1, 27),
(1, 28),
(1, 29),
(1, 30),
(1, 31),
(1, 32),
(1, 33),
(1, 34),
(1, 70),
(2, 2),
(2, 3),
(2, 11),
(2, 17),
(2, 19),
(2, 22),
(2, 33),
(2, 35),
(2, 36),
(2, 37),
(2, 38),
(2, 39),
(2, 40),
(2, 43),
(2, 48),
(2, 49),
(2, 50),
(2, 51),
(2, 52),
(2, 53),
(2, 54),
(2, 55),
(2, 57),
(2, 58),
(2, 59),
(2, 61),
(2, 62),
(2, 63),
(2, 64),
(2, 65),
(2, 66),
(2, 67),
(2, 68),
(2, 69),
(2, 70),
(3, 1),
(3, 2),
(3, 3),
(3, 4),
(3, 5),
(3, 6),
(3, 8),
(3, 13),
(3, 32),
(3, 33),
(3, 43),
(3, 59),
(3, 61),
(3, 68),
(3, 69),
(3, 70),
(3, 71),
(3, 72),
(3, 82),
(3, 83),
(3, 84),
(3, 85),
(3, 86),
(3, 87),
(3, 88),
(3, 92),
(3, 94),
(3, 95),
(3, 96),
(3, 97),
(3, 98),
(3, 99),
(3, 101),
(3, 103),
(4, 1),
(4, 9),
(4, 13),
(4, 22),
(4, 25),
(4, 31),
(4, 32),
(4, 34),
(4, 39),
(4, 50),
(4, 51),
(4, 62),
(4, 63),
(4, 65),
(4, 67),
(4, 69),
(4, 83),
(4, 85),
(4, 96),
(4, 99),
(4, 101),
(4, 105),
(4, 106),
(4, 107),
(4, 111),
(4, 115),
(4, 116),
(4, 118),
(4, 119),
(4, 120),
(4, 122),
(4, 125),
(4, 128),
(4, 131),
(4, 134),
(5, 3),
(5, 9),
(5, 10),
(5, 14),
(5, 21),
(5, 25),
(5, 27),
(5, 34),
(5, 48),
(5, 49),
(5, 51),
(5, 55),
(5, 57),
(5, 65),
(5, 70),
(5, 84),
(5, 85),
(5, 88),
(5, 96),
(5, 115),
(5, 128),
(5, 140),
(5, 141),
(5, 142),
(5, 143),
(5, 144),
(5, 145),
(5, 146),
(5, 147),
(5, 156),
(5, 158),
(5, 161),
(5, 168),
(5, 172),
(6, 3),
(6, 6),
(6, 7),
(6, 9),
(6, 11),
(6, 16),
(6, 17),
(6, 18),
(6, 23),
(6, 24),
(6, 31),
(6, 34),
(6, 37),
(6, 62),
(6, 63),
(6, 64),
(6, 67),
(6, 68),
(6, 69),
(6, 70),
(6, 83),
(6, 87),
(6, 95),
(6, 96),
(6, 99),
(6, 115),
(6, 128),
(6, 172),
(6, 174),
(6, 176),
(6, 177),
(6, 189),
(6, 191),
(6, 195),
(6, 206),
(7, 2),
(7, 3),
(7, 6),
(7, 14),
(7, 15),
(7, 18),
(7, 22),
(7, 26),
(7, 28),
(7, 31),
(7, 32),
(7, 34),
(7, 37),
(7, 50),
(7, 51),
(7, 52),
(7, 59),
(7, 62),
(7, 65),
(7, 68),
(7, 84),
(7, 86),
(7, 97),
(7, 99),
(7, 115),
(7, 116),
(7, 125),
(7, 131),
(7, 168),
(7, 172),
(7, 195),
(7, 206),
(7, 209),
(7, 211),
(7, 212),
(8, 38),
(8, 39),
(8, 105),
(8, 147),
(8, 244),
(8, 245),
(8, 247),
(8, 248),
(8, 249),
(8, 250),
(8, 251),
(8, 253),
(8, 254),
(8, 255),
(8, 256),
(8, 257),
(8, 258),
(8, 259),
(8, 260),
(8, 261),
(8, 263),
(8, 264),
(8, 265),
(8, 266),
(8, 268),
(8, 270),
(8, 271),
(8, 272),
(9, 36),
(9, 72),
(9, 106),
(9, 140),
(9, 144),
(9, 147),
(9, 209),
(9, 211),
(9, 256),
(9, 263),
(9, 266),
(9, 271),
(9, 273),
(9, 274),
(9, 275),
(9, 278),
(9, 282),
(9, 283),
(9, 284),
(9, 287),
(9, 288),
(9, 290),
(9, 291),
(9, 294),
(9, 295),
(9, 297),
(9, 298),
(9, 299),
(9, 301),
(10, 36),
(10, 40),
(10, 140),
(10, 174),
(10, 256),
(10, 258),
(10, 261),
(10, 268),
(10, 288),
(10, 295),
(10, 301),
(10, 302),
(10, 303),
(10, 304),
(10, 305),
(10, 306),
(10, 307),
(10, 310),
(10, 311),
(10, 315),
(10, 317),
(10, 318),
(10, 319),
(10, 320),
(10, 322),
(10, 323),
(10, 325),
(10, 328),
(10, 330),
(11, 38),
(11, 141),
(11, 142),
(11, 146),
(11, 247),
(11, 257),
(11, 270),
(11, 283),
(11, 294),
(11, 295),
(11, 299),
(11, 301),
(11, 315),
(11, 320),
(11, 322),
(11, 332),
(11, 333),
(11, 334),
(11, 335),
(11, 336),
(11, 340),
(11, 343),
(11, 344),
(11, 347),
(11, 350),
(11, 353),
(11, 355),
(11, 356),
(12, 39),
(12, 72),
(12, 141),
(12, 143),
(12, 144),
(12, 147),
(12, 253),
(12, 254),
(12, 255),
(12, 257),
(12, 260),
(12, 263),
(12, 266),
(12, 282),
(12, 288),
(12, 294),
(12, 302),
(12, 311),
(12, 317),
(12, 323),
(12, 356),
(12, 359),
(12, 360),
(12, 362),
(12, 365),
(12, 369),
(12, 370),
(12, 379),
(12, 383),
(13, 38),
(13, 72),
(13, 105),
(13, 142),
(13, 143),
(13, 145),
(13, 250),
(13, 263),
(13, 266),
(13, 273),
(13, 278),
(13, 282),
(13, 287),
(13, 291),
(13, 315),
(13, 317),
(13, 318),
(13, 322),
(13, 330),
(13, 347),
(13, 369),
(13, 389),
(13, 390),
(13, 391),
(13, 395),
(13, 400),
(13, 404),
(13, 409),
(14, 37),
(14, 38),
(14, 71),
(14, 105),
(14, 144),
(14, 147),
(14, 209),
(14, 253),
(14, 256),
(14, 278),
(14, 283),
(14, 284),
(14, 294),
(14, 318),
(14, 319),
(14, 353),
(14, 370),
(14, 379),
(14, 395),
(14, 416),
(14, 417),
(14, 418),
(14, 419),
(14, 420),
(14, 423),
(14, 429),
(14, 431),
(14, 438),
(14, 440),
(15, 38),
(15, 141),
(15, 143),
(15, 145),
(15, 177),
(15, 255),
(15, 257),
(15, 263),
(15, 287),
(15, 299),
(15, 301),
(15, 319),
(15, 322),
(15, 323),
(15, 328),
(15, 336),
(15, 343),
(15, 365),
(15, 404),
(15, 417),
(15, 440),
(15, 445),
(15, 447),
(15, 448),
(15, 450),
(15, 455),
(15, 462),
(15, 464),
(15, 469),
(16, 245),
(16, 248),
(16, 251),
(16, 274),
(16, 302),
(16, 304),
(16, 307),
(16, 335),
(16, 416),
(16, 417),
(16, 445),
(16, 475),
(16, 477),
(16, 478),
(16, 480),
(16, 482),
(16, 484),
(16, 487),
(16, 488),
(16, 489),
(16, 491),
(16, 494),
(17, 245),
(17, 247),
(17, 249),
(17, 274),
(17, 333),
(17, 359),
(17, 389),
(17, 416),
(17, 445),
(17, 477),
(17, 482),
(17, 500),
(17, 502),
(17, 503),
(17, 506),
(17, 508),
(17, 509),
(17, 511),
(17, 512),
(17, 515),
(17, 516),
(17, 517),
(17, 518),
(18, 244),
(18, 248),
(18, 274),
(18, 305),
(18, 307),
(18, 332),
(18, 360),
(18, 389),
(18, 390),
(18, 417),
(18, 482),
(18, 503),
(18, 506),
(18, 515),
(18, 519),
(18, 524),
(18, 525),
(18, 532),
(18, 533),
(18, 536),
(18, 537),
(18, 539),
(19, 244),
(19, 249),
(19, 303),
(19, 307),
(19, 360),
(19, 391),
(19, 416),
(19, 480),
(19, 484),
(19, 503),
(19, 511),
(19, 512),
(19, 515),
(19, 517),
(19, 537),
(19, 542),
(19, 543),
(19, 548),
(19, 549),
(19, 552),
(19, 556),
(19, 557),
(19, 558),
(19, 559),
(19, 563),
(20, 247),
(20, 251),
(20, 304),
(20, 305),
(20, 334),
(20, 335),
(20, 390),
(20, 419),
(20, 447),
(20, 475),
(20, 484),
(20, 487),
(20, 494),
(20, 509),
(20, 549),
(20, 557),
(20, 558),
(20, 568),
(20, 580),
(20, 582),
(20, 583),
(21, 244),
(21, 303),
(21, 304),
(21, 335),
(21, 416),
(21, 417),
(21, 418),
(21, 420),
(21, 445),
(21, 447),
(21, 500),
(21, 509),
(21, 518),
(21, 524),
(21, 525),
(21, 543),
(21, 558),
(21, 563),
(21, 588),
(21, 591),
(21, 597),
(21, 603),
(23, 1),
(23, 2),
(23, 3),
(23, 4),
(23, 5),
(23, 6),
(23, 7),
(23, 8),
(23, 9),
(23, 10),
(23, 11),
(23, 12),
(23, 13),
(23, 14),
(23, 15),
(23, 16),
(23, 17),
(23, 18),
(23, 19),
(23, 20),
(23, 21),
(23, 22),
(23, 23),
(23, 24),
(23, 25),
(23, 26),
(23, 27),
(23, 28),
(23, 29),
(23, 30),
(23, 31),
(23, 32),
(23, 33),
(23, 34),
(23, 70),
(24, 2),
(24, 3),
(24, 11),
(24, 17),
(24, 19),
(24, 22),
(24, 33),
(24, 35),
(24, 36),
(24, 37),
(24, 38),
(24, 39),
(24, 40),
(24, 43),
(24, 48),
(24, 49),
(24, 50),
(24, 51),
(24, 52),
(24, 53),
(24, 54),
(24, 55),
(24, 57),
(24, 58),
(24, 59),
(24, 61),
(24, 62),
(24, 63),
(24, 64),
(24, 65),
(24, 66),
(24, 67),
(24, 68),
(24, 69),
(24, 70),
(25, 1),
(25, 2),
(25, 3),
(25, 4),
(25, 5),
(25, 6),
(25, 8),
(25, 13),
(25, 32),
(25, 33),
(25, 43),
(25, 59),
(25, 61),
(25, 68),
(25, 69),
(25, 70),
(25, 71),
(25, 72),
(25, 82),
(25, 83),
(25, 84),
(25, 85),
(25, 86),
(25, 87),
(25, 88),
(25, 92),
(25, 94),
(25, 95),
(25, 96),
(25, 97),
(25, 98),
(25, 99),
(25, 101),
(25, 103),
(26, 1),
(26, 9),
(26, 13),
(26, 22),
(26, 25),
(26, 31),
(26, 32),
(26, 34),
(26, 39),
(26, 50),
(26, 51),
(26, 62),
(26, 63),
(26, 65),
(26, 67),
(26, 69),
(26, 83),
(26, 85),
(26, 96),
(26, 99),
(26, 101),
(26, 105),
(26, 106),
(26, 107),
(26, 111),
(26, 115),
(26, 116),
(26, 118),
(26, 119),
(26, 120),
(26, 122),
(26, 125),
(26, 128),
(26, 131),
(26, 134),
(27, 3),
(27, 9),
(27, 10),
(27, 14),
(27, 21),
(27, 25),
(27, 27),
(27, 34),
(27, 48),
(27, 49),
(27, 51),
(27, 55),
(27, 57),
(27, 65),
(27, 70),
(27, 84),
(27, 85),
(27, 88),
(27, 96),
(27, 115),
(27, 128),
(27, 140),
(27, 141),
(27, 142),
(27, 143),
(27, 144),
(27, 145),
(27, 146),
(27, 147),
(27, 156),
(27, 158),
(27, 161),
(27, 168),
(27, 172),
(28, 3),
(28, 6),
(28, 7),
(28, 9),
(28, 11),
(28, 16),
(28, 17),
(28, 18),
(28, 23),
(28, 24),
(28, 31),
(28, 34),
(28, 37),
(28, 62),
(28, 63),
(28, 64),
(28, 67),
(28, 68),
(28, 69),
(28, 70),
(28, 83),
(28, 87),
(28, 95),
(28, 96),
(28, 99),
(28, 115),
(28, 128),
(28, 172),
(28, 174),
(28, 176),
(28, 177),
(28, 189),
(28, 191),
(28, 195),
(28, 206),
(29, 2),
(29, 3),
(29, 6),
(29, 14),
(29, 15),
(29, 18),
(29, 22),
(29, 26),
(29, 28),
(29, 31),
(29, 32),
(29, 34),
(29, 37),
(29, 50),
(29, 51),
(29, 52),
(29, 59),
(29, 62),
(29, 65),
(29, 68),
(29, 84),
(29, 86),
(29, 97),
(29, 99),
(29, 115),
(29, 116),
(29, 125),
(29, 131),
(29, 168),
(29, 172),
(29, 195),
(29, 206),
(29, 209),
(29, 211),
(29, 212),
(30, 38),
(30, 39),
(30, 105),
(30, 147),
(30, 244),
(30, 245),
(30, 247),
(30, 248),
(30, 249),
(30, 250),
(30, 251),
(30, 253),
(30, 254),
(30, 255),
(30, 256),
(30, 257),
(30, 258),
(30, 259),
(30, 260),
(30, 261),
(30, 263),
(30, 264),
(30, 265),
(30, 266),
(30, 268),
(30, 270),
(30, 271),
(30, 272),
(31, 36),
(31, 72),
(31, 106),
(31, 140),
(31, 144),
(31, 147),
(31, 209),
(31, 211),
(31, 256),
(31, 263),
(31, 266),
(31, 271),
(31, 273),
(31, 274),
(31, 275),
(31, 278),
(31, 282),
(31, 283),
(31, 284),
(31, 287),
(31, 288),
(31, 290),
(31, 291),
(31, 294),
(31, 295),
(31, 297),
(31, 298),
(31, 299),
(31, 301),
(32, 36),
(32, 40),
(32, 140),
(32, 174),
(32, 256),
(32, 258),
(32, 261),
(32, 268),
(32, 288),
(32, 295),
(32, 301),
(32, 302),
(32, 303),
(32, 304),
(32, 305),
(32, 306),
(32, 307),
(32, 310),
(32, 311),
(32, 315),
(32, 317),
(32, 318),
(32, 319),
(32, 320),
(32, 322),
(32, 323),
(32, 325),
(32, 328),
(32, 330),
(33, 38),
(33, 141),
(33, 142),
(33, 146),
(33, 247),
(33, 257),
(33, 270),
(33, 283),
(33, 294),
(33, 295),
(33, 299),
(33, 301),
(33, 315),
(33, 320),
(33, 322),
(33, 332),
(33, 333),
(33, 334),
(33, 335),
(33, 336),
(33, 340),
(33, 343),
(33, 344),
(33, 347),
(33, 350),
(33, 353),
(33, 355),
(33, 356),
(34, 39),
(34, 72),
(34, 141),
(34, 143),
(34, 144),
(34, 147),
(34, 253),
(34, 254),
(34, 255),
(34, 257),
(34, 260),
(34, 263),
(34, 266),
(34, 282),
(34, 288),
(34, 294),
(34, 302),
(34, 311),
(34, 317),
(34, 323),
(34, 356),
(34, 359),
(34, 360),
(34, 362),
(34, 365),
(34, 369),
(34, 370),
(34, 379),
(34, 383),
(35, 38),
(35, 72),
(35, 105),
(35, 142),
(35, 143),
(35, 145),
(35, 250),
(35, 263),
(35, 266),
(35, 273),
(35, 278),
(35, 282),
(35, 287),
(35, 291),
(35, 315),
(35, 317),
(35, 318),
(35, 322),
(35, 330),
(35, 347),
(35, 369),
(35, 389),
(35, 390),
(35, 391),
(35, 395),
(35, 400),
(35, 404),
(35, 409),
(36, 37),
(36, 38),
(36, 71),
(36, 105),
(36, 144),
(36, 147),
(36, 209),
(36, 253),
(36, 256),
(36, 278),
(36, 283),
(36, 284),
(36, 294),
(36, 318),
(36, 319),
(36, 353),
(36, 370),
(36, 379),
(36, 395),
(36, 416),
(36, 417),
(36, 418),
(36, 419),
(36, 420),
(36, 423),
(36, 429),
(36, 431),
(36, 438),
(36, 440),
(37, 38),
(37, 141),
(37, 143),
(37, 145),
(37, 177),
(37, 255),
(37, 257),
(37, 263),
(37, 287),
(37, 299),
(37, 301),
(37, 319),
(37, 322),
(37, 323),
(37, 328),
(37, 336),
(37, 343),
(37, 365),
(37, 404),
(37, 417),
(37, 440),
(37, 445),
(37, 447),
(37, 448),
(37, 450),
(37, 455),
(37, 462),
(37, 464),
(37, 469),
(38, 245),
(38, 248),
(38, 251),
(38, 274),
(38, 302),
(38, 304),
(38, 307),
(38, 335),
(38, 416),
(38, 417),
(38, 445),
(38, 475),
(38, 477),
(38, 478),
(38, 480),
(38, 482),
(38, 484),
(38, 487),
(38, 488),
(38, 489),
(38, 491),
(38, 494),
(39, 245),
(39, 247),
(39, 249),
(39, 274),
(39, 333),
(39, 359),
(39, 389),
(39, 416),
(39, 445),
(39, 477),
(39, 482),
(39, 500),
(39, 502),
(39, 503),
(39, 506),
(39, 508),
(39, 509),
(39, 511),
(39, 512),
(39, 515),
(39, 516),
(39, 517),
(39, 518),
(40, 244),
(40, 248),
(40, 274),
(40, 305),
(40, 307),
(40, 332),
(40, 360),
(40, 389),
(40, 390),
(40, 417),
(40, 482),
(40, 503),
(40, 506),
(40, 515),
(40, 519),
(40, 524),
(40, 525),
(40, 532),
(40, 533),
(40, 536),
(40, 537),
(40, 539),
(41, 244),
(41, 249),
(41, 303),
(41, 307),
(41, 360),
(41, 391),
(41, 416),
(41, 480),
(41, 484),
(41, 503),
(41, 511),
(41, 512),
(41, 515),
(41, 517),
(41, 537),
(41, 542),
(41, 543),
(41, 548),
(41, 549),
(41, 552),
(41, 556),
(41, 557),
(41, 558),
(41, 559),
(41, 563),
(42, 247),
(42, 251),
(42, 304),
(42, 305),
(42, 334),
(42, 335),
(42, 390),
(42, 419),
(42, 447),
(42, 475),
(42, 484),
(42, 487),
(42, 494),
(42, 509),
(42, 549),
(42, 557),
(42, 558),
(42, 568),
(42, 580),
(42, 582),
(42, 583),
(46, 1),
(46, 2),
(46, 3),
(46, 4),
(46, 5),
(46, 6),
(46, 7),
(46, 8),
(46, 9),
(46, 10),
(46, 11),
(46, 12),
(46, 13),
(46, 14),
(46, 15),
(46, 16),
(46, 17),
(46, 18),
(46, 19),
(46, 20),
(46, 21),
(46, 22),
(46, 23),
(46, 24),
(46, 25),
(46, 26),
(46, 27),
(46, 28),
(46, 29),
(46, 30),
(46, 31),
(46, 32),
(46, 33),
(46, 34),
(46, 70),
(47, 2),
(47, 3),
(47, 11),
(47, 17),
(47, 19),
(47, 22),
(47, 33),
(47, 35),
(47, 36),
(47, 37),
(47, 38),
(47, 39),
(47, 40),
(47, 43),
(47, 48),
(47, 49),
(47, 50),
(47, 51),
(47, 52),
(47, 53),
(47, 54),
(47, 55),
(47, 57),
(47, 58),
(47, 59),
(47, 61),
(47, 62),
(47, 63),
(47, 64),
(47, 65),
(47, 66),
(47, 67),
(47, 68),
(47, 69),
(47, 70),
(48, 1),
(48, 2),
(48, 3),
(48, 4),
(48, 5),
(48, 6),
(48, 8),
(48, 13),
(48, 32),
(48, 33),
(48, 43),
(48, 59),
(48, 61),
(48, 68),
(48, 69),
(48, 70),
(48, 71),
(48, 72),
(48, 82),
(48, 83),
(48, 84),
(48, 85),
(48, 86),
(48, 87),
(48, 88),
(48, 92),
(48, 94),
(48, 95),
(48, 96),
(48, 97),
(48, 98),
(48, 99),
(48, 101),
(48, 103),
(49, 1),
(49, 9),
(49, 13),
(49, 22),
(49, 25),
(49, 31),
(49, 32),
(49, 34),
(49, 39),
(49, 50),
(49, 51),
(49, 62),
(49, 63),
(49, 65),
(49, 67),
(49, 69),
(49, 83),
(49, 85),
(49, 96),
(49, 99),
(49, 101),
(49, 105),
(49, 106),
(49, 107),
(49, 111),
(49, 115),
(49, 116),
(49, 118),
(49, 119),
(49, 120),
(49, 122),
(49, 125),
(49, 128),
(49, 131),
(49, 134),
(50, 3),
(50, 9),
(50, 10),
(50, 14),
(50, 21),
(50, 25),
(50, 27),
(50, 34),
(50, 48),
(50, 49),
(50, 51),
(50, 55),
(50, 57),
(50, 65),
(50, 70),
(50, 84),
(50, 85),
(50, 88),
(50, 96),
(50, 115),
(50, 128),
(50, 140),
(50, 141),
(50, 142),
(50, 143),
(50, 144),
(50, 145),
(50, 146),
(50, 147),
(50, 156),
(50, 158),
(50, 161),
(50, 168),
(50, 172),
(51, 3),
(51, 6),
(51, 7),
(51, 9),
(51, 11),
(51, 16),
(51, 17),
(51, 18),
(51, 23),
(51, 24),
(51, 31),
(51, 34),
(51, 37),
(51, 62),
(51, 63),
(51, 64),
(51, 67),
(51, 68),
(51, 69),
(51, 70),
(51, 83),
(51, 87),
(51, 95),
(51, 96),
(51, 99),
(51, 115),
(51, 128),
(51, 172),
(51, 174),
(51, 176),
(51, 177),
(51, 189),
(51, 191),
(51, 195),
(51, 206),
(52, 2),
(52, 3),
(52, 6),
(52, 14),
(52, 15),
(52, 18),
(52, 22),
(52, 26),
(52, 28),
(52, 31),
(52, 32),
(52, 34),
(52, 37),
(52, 50),
(52, 51),
(52, 52),
(52, 59),
(52, 62),
(52, 65),
(52, 68),
(52, 84),
(52, 86),
(52, 97),
(52, 99),
(52, 115),
(52, 116),
(52, 125),
(52, 131),
(52, 168),
(52, 172),
(52, 195),
(52, 206),
(52, 209),
(52, 211),
(52, 212);

-- --------------------------------------------------------

--
-- Estrutura para tabela `usuario`
--

CREATE TABLE `usuario` (
  `id_user` int(11) NOT NULL,
  `user_nome` varchar(100) COLLATE utf8mb4_unicode_ci NOT NULL,
  `login` varchar(30) COLLATE utf8mb4_unicode_ci NOT NULL,
  `senha` varchar(32) COLLATE utf8mb4_unicode_ci NOT NULL
) ENGINE=InnoDB DEFAULT CHARSET=utf8mb4 COLLATE=utf8mb4_unicode_ci;

--
-- Despejando dados para a tabela `usuario`
--

INSERT INTO `usuario` (`id_user`, `user_nome`, `login`, `senha`) VALUES
(1, 'Administrador', 'adm', 'adm'),
(2, 'Administrador', 'adm@mail.com', 'b09c600fddc573f117449b3723f23d64'),
(3, '', '', 'd41d8cd98f00b204e9800998ecf8427e');

-- --------------------------------------------------------

--
-- Estrutura para tabela `workspace`
--

CREATE TABLE `workspace` (
  `id_workspace` int(11) NOT NULL,
  `nome_workspace` varchar(30) COLLATE utf8mb4_unicode_ci NOT NULL,
  `data_criacao` date NOT NULL DEFAULT current_timestamp(),
  `id_usuario` int(11) NOT NULL
) ENGINE=InnoDB DEFAULT CHARSET=utf8mb4 COLLATE=utf8mb4_unicode_ci;

--
-- Despejando dados para a tabela `workspace`
--

INSERT INTO `workspace` (`id_workspace`, `nome_workspace`, `data_criacao`, `id_usuario`) VALUES
(1, 'Primeiro', '2019-07-27', 2),
(2, 'Exemplo', '2019-07-27', 1),
(4, 'Exemplo', '2019-07-28', 2),
(6, 'Faeterj', '2019-07-30', 2),
(7, 'Escola', '2019-08-02', 2);

--
-- Índices de tabelas apagadas
--

--
-- Índices de tabela `aluno`
--
ALTER TABLE `aluno`
  ADD PRIMARY KEY (`id_aluno`),
  ADD UNIQUE KEY `matricula` (`matricula`);

--
-- Índices de tabela `turma`
--
ALTER TABLE `turma`
  ADD PRIMARY KEY (`id_turma`),
  ADD KEY `fk_workspace` (`id_workspace`);

--
-- Índices de tabela `turma_aluno`
--
ALTER TABLE `turma_aluno`
  ADD PRIMARY KEY (`id_turma`,`id_aluno`),
  ADD KEY `id_turma_fk` (`id_turma`) USING BTREE,
  ADD KEY `id_aluno_fk` (`id_aluno`) USING BTREE;

--
-- Índices de tabela `usuario`
--
ALTER TABLE `usuario`
  ADD PRIMARY KEY (`id_user`),
  ADD UNIQUE KEY `idx_login` (`login`);

--
-- Índices de tabela `workspace`
--
ALTER TABLE `workspace`
  ADD PRIMARY KEY (`id_workspace`),
  ADD KEY `fk_id_usuario` (`id_usuario`);

--
-- AUTO_INCREMENT de tabelas apagadas
--

--
-- AUTO_INCREMENT de tabela `aluno`
--
ALTER TABLE `aluno`
  MODIFY `id_aluno` int(11) NOT NULL AUTO_INCREMENT, AUTO_INCREMENT=8767;

--
-- AUTO_INCREMENT de tabela `turma`
--
ALTER TABLE `turma`
  MODIFY `id_turma` int(11) NOT NULL AUTO_INCREMENT, AUTO_INCREMENT=53;

--
-- AUTO_INCREMENT de tabela `usuario`
--
ALTER TABLE `usuario`
  MODIFY `id_user` int(11) NOT NULL AUTO_INCREMENT, AUTO_INCREMENT=4;

--
-- AUTO_INCREMENT de tabela `workspace`
--
ALTER TABLE `workspace`
  MODIFY `id_workspace` int(11) NOT NULL AUTO_INCREMENT, AUTO_INCREMENT=8;

--
-- Restrições para dumps de tabelas
--

--
-- Restrições para tabelas `turma`
--
ALTER TABLE `turma`
  ADD CONSTRAINT `fk_workspace` FOREIGN KEY (`id_workspace`) REFERENCES `workspace` (`id_workspace`) ON DELETE CASCADE ON UPDATE CASCADE;

--
-- Restrições para tabelas `turma_aluno`
--
ALTER TABLE `turma_aluno`
  ADD CONSTRAINT `id_aluno_fk` FOREIGN KEY (`id_aluno`) REFERENCES `aluno` (`id_aluno`) ON DELETE CASCADE ON UPDATE NO ACTION,
  ADD CONSTRAINT `id_turma_fk` FOREIGN KEY (`id_turma`) REFERENCES `turma` (`id_turma`) ON DELETE CASCADE ON UPDATE NO ACTION;

--
-- Restrições para tabelas `workspace`
--
ALTER TABLE `workspace`
  ADD CONSTRAINT `fk_id_usuario` FOREIGN KEY (`id_usuario`) REFERENCES `usuario` (`id_user`) ON DELETE CASCADE ON UPDATE CASCADE;
COMMIT;

/*!40101 SET CHARACTER_SET_CLIENT=@OLD_CHARACTER_SET_CLIENT */;
/*!40101 SET CHARACTER_SET_RESULTS=@OLD_CHARACTER_SET_RESULTS */;
/*!40101 SET COLLATION_CONNECTION=@OLD_COLLATION_CONNECTION */;
